<?xml version="1.0" encoding="UTF-8"?>
<project-private xmlns="http://www.netbeans.org/ns/project-private/1">
    <editor-bookmarks xmlns="http://www.netbeans.org/ns/editor-bookmarks/2" lastBookmarkId="0"/>
    <open-files xmlns="http://www.netbeans.org/ns/projectui-open-files/2">
        <group>
            <file>file:/C:/Users/powji/Desktop/Aps3sem/Aps3sem-main/src/apresentacao/frmNome.java</file>
            <file>file:/C:/Users/powji/Desktop/Aps3sem/Aps3sem-main/src/apresentacao/frmPergunta2.java</file>
            <file>file:/C:/Users/powji/Desktop/Aps3sem/Aps3sem-main/src/apresentacao/frmFinal.java</file>
            <file>file:/C:/Users/powji/Desktop/Aps3sem/Aps3sem-main/src/apresentacao/frmPergunta1.java</file>
        </group>
    </open-files>
</project-private>
